Category,Node,Timestamp,URI
resident,sunset-bay,2026_01_08_04_59_30_PST,https://live.orcasound.net/bouts/new/sunset-bay?time=2026-01-08T12%3A59%3A30.000Z
transient,andrews-bay,2026_01_02_17_09_39_PST,https://live.orcasound.net/bouts/new/andrews-bay?time=2026-01-03T01%3A09%3A39.000Z
transient,andrews-bay,2026_01_02_16_13_51_PST,https://live.orcasound.net/bouts/new/andrews-bay?time=2026-01-03T00%3A13%3A51.000Z
resident,andrews-bay,2025_12_24_17_51_13_PST,https://live.orcasound.net/bouts/new/andrews-bay?time=2025-12-25T01%3A51%3A13.000Z
transient,andrews-bay,2025_12_20_22_58_21_PST,https://live.orcasound.net/bouts/new/andrews-bay?time=2025-12-21T06%3A58%3A21.000Z
humpback,andrews-bay,2025_12_17_22_40_49_PST,https://live.orcasound.net/bouts/new/andrews-bay?time=2025-12-18T06%3A40%3A49.000Z
humpback,andrews-bay,2025_12_17_22_19_10_PST,https://live.orcasound.net/bouts/new/andrews-bay?time=2025-12-18T06%3A19%3A10.000Z
humpback,andrews-bay,2025_12_17_22_12_58_PST,https://live.orcasound.net/bouts/new/andrews-bay?time=2025-12-18T06%3A12%3A58.000Z
resident,mast-center,2026_01_07_12_25_32_PST,https://live.orcasound.net/bouts/new/mast-center?time=2026-01-07T20%3A25%3A32.000Z
transient,orcasound-lab,2026_01_02_19_30_47_PST,https://live.orcasound.net/bouts/new/orcasound-lab?time=2026-01-03T03%3A30%3A47.745Z
transient,orcasound-lab,2026_01_02_19_29_05_PST,https://live.orcasound.net/bouts/new/orcasound-lab?time=2026-01-03T03%3A29%3A05.000Z
transient,orcasound-lab,2026_01_02_19_28_19_PST,https://live.orcasound.net/bouts/new/orcasound-lab?time=2026-01-03T03%3A28%3A19.000Z
transient,orcasound-lab,2026_01_02_19_27_22_PST,https://live.orcasound.net/bouts/new/orcasound-lab?time=2026-01-03T03%3A27%3A22.000Z
transient,orcasound-lab,2026_01_02_19_27_02_PST,https://live.orcasound.net/bouts/new/orcasound-lab?time=2026-01-03T03%3A27%3A02.000Z
transient,orcasound-lab,2026_01_02_19_21_25_PST,https://live.orcasound.net/bouts/new/orcasound-lab?time=2026-01-03T03%3A21%3A25.000Z
transient,orcasound-lab,2026_01_02_19_19_49_PST,https://live.orcasound.net/bouts/new/orcasound-lab?time=2026-01-03T03%3A19%3A49.000Z
transient,orcasound-lab,2026_01_02_19_16_14_PST,https://live.orcasound.net/bouts/new/orcasound-lab?time=2026-01-03T03%3A16%3A14.186Z
transient,orcasound-lab,2026_01_02_19_15_51_PST,https://live.orcasound.net/bouts/new/orcasound-lab?time=2026-01-03T03%3A15%3A51.000Z
transient,orcasound-lab,2026_01_02_19_14_19_PST,https://live.orcasound.net/bouts/new/orcasound-lab?time=2026-01-03T03%3A14%3A19.271Z
transient,orcasound-lab,2026_01_02_19_13_03_PST,https://live.orcasound.net/bouts/new/orcasound-lab?time=2026-01-03T03%3A13%3A03.000Z
transient,orcasound-lab,2026_01_02_19_12_15_PST,https://live.orcasound.net/bouts/new/orcasound-lab?time=2026-01-03T03%3A12%3A15.203Z
transient,orcasound-lab,2026_01_02_19_09_47_PST,https://live.orcasound.net/bouts/new/orcasound-lab?time=2026-01-03T03%3A09%3A47.745Z
transient,orcasound-lab,2026_01_02_19_08_31_PST,https://live.orcasound.net/bouts/new/orcasound-lab?time=2026-01-03T03%3A08%3A31.000Z
transient,orcasound-lab,2026_01_02_19_07_06_PST,https://live.orcasound.net/bouts/new/orcasound-lab?time=2026-01-03T03%3A07%3A06.050Z
transient,orcasound-lab,2026_01_02_19_06_21_PST,https://live.orcasound.net/bouts/new/orcasound-lab?time=2026-01-03T03%3A06%3A21.000Z
transient,orcasound-lab,2026_01_02_19_04_44_PST,https://live.orcasound.net/bouts/new/orcasound-lab?time=2026-01-03T03%3A04%3A44.000Z
transient,orcasound-lab,2026_01_02_19_03_14_PST,https://live.orcasound.net/bouts/new/orcasound-lab?time=2026-01-03T03%3A03%3A14.186Z
transient,orcasound-lab,2026_01_02_19_02_53_PST,https://live.orcasound.net/bouts/new/orcasound-lab?time=2026-01-03T03%3A02%3A53.000Z
transient,orcasound-lab,2026_01_02_18_59_55_PST,https://live.orcasound.net/bouts/new/orcasound-lab?time=2026-01-03T02%3A59%3A55.881Z
transient,orcasound-lab,2026_01_02_18_40_16_PST,https://live.orcasound.net/bouts/new/orcasound-lab?time=2026-01-03T02%3A40%3A16.220Z
transient,orcasound-lab,2026_01_02_18_20_15_PST,https://live.orcasound.net/bouts/new/orcasound-lab?time=2026-01-03T02%3A20%3A15.000Z
transient,orcasound-lab,2026_01_02_18_10_45_PST,https://live.orcasound.net/bouts/new/orcasound-lab?time=2026-01-03T02%3A10%3A45.000Z
transient,orcasound-lab,2026_01_02_17_52_30_PST,https://live.orcasound.net/bouts/new/orcasound-lab?time=2026-01-03T01%3A52%3A30.457Z
transient,orcasound-lab,2026_01_02_17_51_08_PST,https://live.orcasound.net/bouts/new/orcasound-lab?time=2026-01-03T01%3A51%3A08.000Z
transient,orcasound-lab,2026_01_02_17_50_55_PST,https://live.orcasound.net/bouts/new/orcasound-lab?time=2026-01-03T01%3A50%3A55.881Z
transient,orcasound-lab,2026_01_02_17_48_51_PST,https://live.orcasound.net/bouts/new/orcasound-lab?time=2026-01-03T01%3A48%3A51.813Z
transient,orcasound-lab,2026_01_02_17_47_26_PST,https://live.orcasound.net/bouts/new/orcasound-lab?time=2026-01-03T01%3A47%3A26.000Z
transient,orcasound-lab,2026_01_02_17_39_05_PST,https://live.orcasound.net/bouts/new/orcasound-lab?time=2026-01-03T01%3A39%3A05.033Z
transient,orcasound-lab,2026_01_02_17_24_44_PST,https://live.orcasound.net/bouts/new/orcasound-lab?time=2026-01-03T01%3A24%3A44.000Z
transient,orcasound-lab,2026_01_02_17_21_27_PST,https://live.orcasound.net/bouts/new/orcasound-lab?time=2026-01-03T01%3A21%3A27.406Z
transient,orcasound-lab,2026_01_02_17_19_12_PST,https://live.orcasound.net/bouts/new/orcasound-lab?time=2026-01-03T01%3A19%3A12.000Z
transient,orcasound-lab,2026_01_02_17_18_03_PST,https://live.orcasound.net/bouts/new/orcasound-lab?time=2026-01-03T01%3A18%3A03.000Z
transient,orcasound-lab,2026_01_02_17_17_36_PST,https://live.orcasound.net/bouts/new/orcasound-lab?time=2026-01-03T01%3A17%3A36.000Z
transient,orcasound-lab,2026_01_02_17_15_22_PST,https://live.orcasound.net/bouts/new/orcasound-lab?time=2026-01-03T01%3A15%3A22.000Z
transient,orcasound-lab,2026_01_02_17_14_50_PST,https://live.orcasound.net/bouts/new/orcasound-lab?time=2026-01-03T01%3A14%3A50.796Z
transient,orcasound-lab,2026_01_02_17_13_52_PST,https://live.orcasound.net/bouts/new/orcasound-lab?time=2026-01-03T01%3A13%3A52.000Z
transient,orcasound-lab,2026_01_02_17_11_49_PST,https://live.orcasound.net/bouts/new/orcasound-lab?time=2026-01-03T01%3A11%3A49.000Z
transient,orcasound-lab,2026_01_02_17_10_08_PST,https://live.orcasound.net/bouts/new/orcasound-lab?time=2026-01-03T01%3A10%3A08.084Z
transient,orcasound-lab,2026_01_02_17_09_57_PST,https://live.orcasound.net/bouts/new/orcasound-lab?time=2026-01-03T01%3A09%3A57.000Z
transient,orcasound-lab,2026_01_02_17_07_39_PST,https://live.orcasound.net/bouts/new/orcasound-lab?time=2026-01-03T01%3A07%3A39.000Z
transient,orcasound-lab,2026_01_02_16_34_43_PST,https://live.orcasound.net/bouts/new/orcasound-lab?time=2026-01-03T00%3A34%3A43.000Z
transient,orcasound-lab,2026_01_02_16_31_20_PST,https://live.orcasound.net/bouts/new/orcasound-lab?time=2026-01-03T00%3A31%3A20.000Z
transient,orcasound-lab,2026_01_02_16_31_16_PST,https://live.orcasound.net/bouts/new/orcasound-lab?time=2026-01-03T00%3A31%3A16.000Z
transient,orcasound-lab,2026_01_02_16_22_14_PST,https://live.orcasound.net/bouts/new/orcasound-lab?time=2026-01-03T00%3A22%3A14.186Z
transient,orcasound-lab,2026_01_02_16_21_47_PST,https://live.orcasound.net/bouts/new/orcasound-lab?time=2026-01-03T00%3A21%3A47.000Z
transient,orcasound-lab,2026_01_02_16_21_01_PST,https://live.orcasound.net/bouts/new/orcasound-lab?time=2026-01-03T00%3A21%3A01.983Z
transient,orcasound-lab,2026_01_02_16_19_47_PST,https://live.orcasound.net/bouts/new/orcasound-lab?time=2026-01-03T00%3A19%3A47.000Z
transient,orcasound-lab,2026_01_02_16_18_49_PST,https://live.orcasound.net/bouts/new/orcasound-lab?time=2026-01-03T00%3A18%3A49.779Z
transient,orcasound-lab,2026_01_02_16_17_43_PST,https://live.orcasound.net/bouts/new/orcasound-lab?time=2026-01-03T00%3A17%3A43.677Z
transient,orcasound-lab,2026_01_02_16_16_03_PST,https://live.orcasound.net/bouts/new/orcasound-lab?time=2026-01-03T00%3A16%3A03.000Z
transient,orcasound-lab,2026_01_02_16_14_45_PST,https://live.orcasound.net/bouts/new/orcasound-lab?time=2026-01-03T00%3A14%3A45.000Z
transient,orcasound-lab,2026_01_02_16_13_10_PST,https://live.orcasound.net/bouts/new/orcasound-lab?time=2026-01-03T00%3A13%3A10.118Z
transient,orcasound-lab,2026_01_02_16_12_54_PST,https://live.orcasound.net/bouts/new/orcasound-lab?time=2026-01-03T00%3A12%3A54.000Z
transient,orcasound-lab,2026_01_02_16_11_52_PST,https://live.orcasound.net/bouts/new/orcasound-lab?time=2026-01-03T00%3A11%3A52.830Z
transient,orcasound-lab,2026_01_02_16_10_26_PST,https://live.orcasound.net/bouts/new/orcasound-lab?time=2026-01-03T00%3A10%3A26.000Z
transient,orcasound-lab,2026_01_02_16_09_50_PST,https://live.orcasound.net/bouts/new/orcasound-lab?time=2026-01-03T00%3A09%3A50.796Z
transient,orcasound-lab,2026_01_02_15_50_20_PST,https://live.orcasound.net/bouts/new/orcasound-lab?time=2026-01-02T23%3A50%3A20.288Z
transient,orcasound-lab,2026_01_02_15_49_50_PST,https://live.orcasound.net/bouts/new/orcasound-lab?time=2026-01-02T23%3A49%3A50.000Z
humpback,port-townsend,2025_12_16_19_29_21_PST,https://live.orcasound.net/bouts/new/port-townsend?time=2025-12-17T03%3A29%3A21.000Z
resident,north-sjc,2025_12_29_21_41_19_PST,https://live.orcasound.net/bouts/new/north-sjc?time=2025-12-30T05%3A41%3A19.000Z
resident,north-sjc,2025_12_29_21_24_19_PST,https://live.orcasound.net/bouts/new/north-sjc?time=2025-12-30T05%3A24%3A19.000Z
resident,north-sjc,2025_12_29_20_47_56_PST,https://live.orcasound.net/bouts/new/north-sjc?time=2025-12-30T04%3A47%3A56.000Z
transient,north-sjc,2025_12_21_08_52_31_PST,https://live.orcasound.net/bouts/new/north-sjc?time=2025-12-21T16%3A52%3A31.000Z
